Query	DocId
what is dart	KB0051838,KB0052311
what is the servicenow fiscal calendar	KB0054425,KB0070182,KB0058361,KB0074360
how to find my hrbp	KB0056334
i need a new monitor	
i want something else	KB0053970
information security policy	KB0041619,KB0071444,KB0071445,KB0041619,KB0072067
install base data quality application overview and instructions on how to use:	
insurance add new member	
investment declaration india	
job postings within servicenow	KB0052368
kb on the fedpass process, owned by matthew lancaster.	
metal monitor stand	
how to add an app to okta	KB0044983
my new hire has not received their laptop	KB0054283
need help with my zscaler configuration.	KB0056348,KB0057616,KB0057616
how to check whether i have ldap account?	KB0051363,KB0045221
how to set up outlook	
how to recover deleted files	KB0052931,KB0072864
how to change my home location	KB0057042,KB0049808
how to delete destribution list	KB0054065,KB0054065 (Expired)
how do i order a corporate credit card	KB0073597,KB0005559
what is adm account	KB0011973
create distribution list	
how to connect tableau server	
create new req	KB0054357
how to request access to lucid charts	
how to setup slack on mobile device	
how do i install software as an admin	"KB0023092,KB0023092,by opening self-service and running the ""grant temporary admin rights"" button"
openldap account disabled	
personal tax exemptions	KB0054134
how to download teams on my mobile iphone	
register visitors to office	KB0056354,KB0056354,KB0056354,KB0073057,KB0072748,KB0056354,KB0056354
how to get office phone number	
replace laptop	KB0050229,KB0045080,KB0045080,KB0048340,KB0048340
report an issue with it	
report phising	KB0042025,KB0045667,KB0010521,KB0010521
request a new laptop	KB0054283
internal transfer guidelines	KB0052163,KB0052163,KB0056793,KB0052354
how to book a conference room in london office	KB0034578,KB0034578
how do i access an office	KB0051558
request shared mailbox/shared	KB0046200
how to connect the first time to cloudvpn	KB0057001,KB0057001
request somehting else	KB0055345,KB0053969,KB0053961,KB0053959,KB0053970,KB0053960,KB0053966,KB0053958
request a credit card	KB0005559
request something from it	KB0053969,KB0053961,KB0053959,KB0053970,KB0053960,KB0053966,KB0053958
request workplace group	
reset cloudvpn	KB0051576
service account request	KB0045636
import rsa token	KB0051576,KB0051576
how to i file a patent	KB0010773
one drive access	
how to enroll delta dental	KB0004456
how do i download using the api	
how to refer an employe	KB0054358,KB0005491
how to get payslip uk	KB0046851
open job req	KB0054357
open a job req	KB0054357
how to setup rsa	KB0056723,KB0053384,KB0008655,KB0046347,KB0006026
i moved how do i change my address	
servicenow support youtube	KB0047998,KB0057725,KB0055529,KB0074202,KB0055529
how do i setup a new mobile phone	KB0054341
request developer instance	KB0010114
how do i submit a request to benefits	
release what is after san diego	
reset active directory password	KB0052237,KB0052237,KB0073551,KB0073570,KB0073792
record retention policy	KB0055957,KB0055957,KB0055957,KB0035723,KB0011819,KB0011819,KB0072539,KB0072539,KB0072635,KB0072635,KB0069803,KB0069803,KB0069803,KB0073409,KB0073409,KB0071714
miro edit access	
it support contact	KB0049116,KB0050698
how to view my laptop request	
how to change base pay in workday?	KB0052508,KB0052508,KB0052508,KB0046440,KB0046440
india holiday	
how do i order a desk raisere	KB0057834,KB0049667
how to disable zscaler	KB0054080,KB0054464
cell phone policy	KB0054348,KB0045945,KB0005428
corporate credit card policy	KB0042148,KB0042148,KB0005559
what is phase 2 return to work	KB0053941,KB0051558
credit card netherlands	KB0042148,KB0005559,KB0042148
it hardwar catelog	
how can i see open positions?	KB0052354
slack workspace access	KB0044800
smart recruiter access	KB0054908
new hire office equipment	KB0054263
request cell phone	KB0054348,KB0054342,KB0054341,KB0054348
mobile policy	KB0005428,KB0054342,KB0054349,KB0054341,KB0045945,KB0045945,KB0072382
rsa secure id not opening	KB0051221
snca v1 gcc	
how to create a prb	KB0073845
covid advance salary	KB0055834,KB0055834
how to reset onedrive on a mac	
global internal transfer	KB0053236,KB0053236,KB0052407
request badge photo	KB0050700,KB0053359
create req	KB0054357
how to create a team	
install microsoft teams	
how do i obtain my employees id	
retention policy changes	KB0011819,KB0073409,KB0055957
what is attrition?	KB0053294,KB0054778,KB0050941
manage deletion of mails	
snca v2 business role	KB0053383,KB0058047,KB0053319,KB0053319
software installation	KB0043167,KB0043167,KB0074089
south africa leave policy	KB0056299
standard change request	KB0054541,KB0055189
how do i add my picture to office accounts?	
submitting an incident	KB0044257,KB0074222,KB0006918
switch carriers for cell phone	
create job requisition	KB0054357,KB0054834,KB0052368
transfer phone	KB0054342,KB0054341,KB0054348
travel approval policy	KB0055931,KB0005559,KB0005559
how do i change my home address	KB0049808
how enhance request	KB0003051,KB0072310
how do i install zscaler	KB0053260,KB0053259
late time card	KB0006746
how to request an article for workflow	
how to publish a kb article	KB0001853
okta verify setup	KB0043359,KB0043359
how to connect to local office network	
customer nda when reseller	
how to raise it tickets	KB0049156
how to request a corporate credit card	
operational excellence templates	KB0048902,KB0048902,KB0048902
how much time to complete onboarding for new hire	KB0053983
how to get okta verify in my new mobile	KB0043359,KB0043359,KB0043360,KB0005428
how do customers access core	KB0044579,KB0043769,KB0043870,KB0072408,KB0073790,KB0073790,KB0043870
how to see my team calendar	
how to link oppportunities	
federal background investigation	KB0053292
how to raise ticket to now support	
hi request status	
request corporate credit card	KB0005559,KB0005559
need full access to surf	KB0043041
new employee badge request	KB0053359
how do i add myself to wfm?	
how do i apply for a cooperate credit card	KB0005559
how to raise a incident	KB0071292,KB0056306
now learning simulator	KB0074304
how to enble addis	
stock sale approval	
glide build artifact	
rsa reset	KB0051576,KB0050616
how to create a ticket form on buildtools1	
reset cloud vpn pin	KB0051576
how am i evaluateed	
request internal instance	
trouble logging into okta	KB0043360
unable to assign defects to myself	
united healthcare website	
update email distribution list	KB0054072,KB0007243
upgrade big sur	KB0054399,KB0045764,KB0054399
upgrade to big sur	KB0054399,KB0045764,KB0054399
upload badge photo	KB0053359
how do i find my employee number	
us leave parental	KB0056804,KB0011316
us vacation	KB0056804
usage dashboard (beta)	
how to assign zoom number	KB0008655
looking to install a remote office printer (wifi)	
how to assign territory to account	
request for laptop endpoints (macs)	
what is diversity	KB0053132,KB0051883
how do i get a travel request number	
how to check my pay	KB0010007,KB0010006,KB0052013
how to submit a promo request?	
how to check my ic level	KB0052563
set up new computer	
file a change request ticket	KB0070754
reset cloudvpn token	KB0057001,KB0006026
install teams	
upgrade my device	KB0005428,KB0005428,KB0005428,KB0054348,KB0044333
how do i get help with concur error?	KB0005559
how to view time off for entire team	KB0051541
request service account	KB0041175
how do you create a new sharepoint?	
how can i find out if we have an nda with a company?	
how to point and move outlook archived emails to sharepoint folder to mitigate computer memory	KB0011700
create it request	KB0073953
keep laptop when leaving	
how do i update my role in the now support portal	
how do i put in a ticket about an error on my laptop	
how to request vacation on workday	KB0056299,KB0056547,KB0056188,KB0056186,KB0056548,KB0056546,KB0056300,KB0045768,KB0045768,KB0003023
laptop upgrade	KB0054243,KB0050229,KB0050229,KB0050229
request a new monitor	KB0073597
order new phone	KB0054348,KB0054348,KB0054341,KB0054348,KB0054348
request credit card	KB0005559
install okta verify	KB0043359,KB0043359
parking access covid	
how do you create a folder in sharepoint	
how do i find my employee id	
computer request status	
how to export widget from classic view	KB0071232
how to get a blog published	
how to setup outlook on apple calendar	
usage definitions and data quality	KB0051519,KB0051519,KB0051519
vdi request	KB0053769
how do you sign into okta verify	KB0043359
outlook retention policy	KB0011819,KB0055898,KB0011700,KB0011700,KB0073409,KB0073409
how do i change the owner of a po	
email retention	KB0011819,KB0073409,KB0073409,KB0011700
employee manager change	
what are the p levels	
what does miro do?	
what does staff engineer mean	
how to add a role to a group in hi	
what is cloudvpn	
what is csg	
what is custom table	
how do i find my hrbp	
what is gsd	KB0041607
what is hr australia's email address	
what is notifyme	
where do i access tableau	KB0043278,KB0046336
what is tam	KB0048413
how di i create learning portal cirriculum	
how to submit request for travel request	KB0058058,KB0048524,KB0055931,KB0005559,KB0005559
how do i find out my ic level	KB0052563
how does now develop our software	
how to set 2-factor authentication in authenticator app	KB0043359,KB0071791
what is rsa	KB0006026
hi, i need to retrieve a request older than 90 days, how can i do?	
how to take itil certification	KB0001691
what is my id code	
how to request an executive briefing	KB0034578
how to add multiple cis	KB0073572,KB0070368,KB0070352
rules of engagement	KB0054545
it mobile phone requests for north america	KB0005428
how to connect outlook calendar to my apple calendar on iphone	KB0011354
how to install printer	KB0008979,KB0008979
request sharepoint site	
i need access to miro	
sap application access	KB0057306
how can i find the corporate slide master?	
how do i print in the office	
how to book a desk in the office	KB0054972,KB0054971
how to add my plugin in store	
how to enroll 401k	KB0049832,KB0011303 (Expired)
kb0054996 - how to use exchange 2016 eac and ps	KB0054996
how to request cloud vpn access	
how to claim for mobile phone	KB0054341
how to edit a request	KB0074037,KB0073530
how to connect my computer to a home printer	
i need to reset my snca v2 mfa	KB0053385,KB0057778
iphone password reset	
dynamics access	
how to change your active directory mac password after it expires	
employee privacy statement france	KB0057493,KB0056644,KB0048851,KB0048851
cannot connect to cloud vpn	KB0072319
personal data backup policy	KB0072407
how to see ic level	KB0052302
how do i schedule a zoom meeting in outlook	KB0051455,KB0046485
how can i get instance address	
global internal transfer policy	KB0052407,KB0052302,KB0053236,KB0054869,KB0052163,KB0052407
what is a custom table	KB0006518
how to configure now mobile app	
how to create a purchase order	KB0070415,KB0070416
how to buy service now stock	KB0045914,KB0008505
how do i add value prompters to an opportunity?	
rsa application not opening	
requesting apm simulator instance	
reset snca password	KB0053383,KB0057778,KB0053384,KB0053386,KB0057774,KB0057780,KB0058047,KB0053385
onboard workspace request	KB0046347,KB0046389
snca unable to connect	KB0053386,KB0057780,KB0053385,KB0053396
how to launch virtual agent	
how to create a team outlook email box	
snca v2/v3 account locked	KB0057778,KB0058102,KB0058047,KB0053319
how to apply docusign	KB0071496
how do i convert personal phone to company plan?	KB0054341,KB0054348
create report on grc	KB0052802
how to change laptop password	KB0054047,KB0054047,KB0054047,KB0026287
smart recruiters access	KB0056793
time away sweden	KB0056301
wfh reimbursement	KB0057834,KB0049667
how to create and outlook calendar invite as an attachment in email	
how to get w2	
how do i refer someone for a job	KB0005491
job description - recognition program manager	
id card missing	
how to request new headphones	
configure okta verify	KB0043359,KB0043360
how to create dynamic distribution list?	KB0007243
how do i switch between my demo instances	
how to create a public team	
how to request a development instance	
how to create dashboard in surf	
unable to create a sharepoint site	
org change request	KB0057214
how do i create a distribution group	KB0007243
how to enable o365	
how much vacation time do hourly workers get a year?	
medi assit dependents covid claim	
what is agent 0	
how to revert to prior version of mac outlook?	
insider trading dates	KB0036738
engineering career levels	
what is single use credit	
what is surf?	KB0002791
where to submit a po	KB0006518
what is now buying program?	KB0025221,KB0056438,KB0010460
how to enroll in smartrectuiters	
how to update work number in workday	KB0054348,KB0002777
how to use sharepoint	KB0048408
what are the sales geos	
employee benefits india	KB0056866,KB0056009,KB0004084,KB0056164,KB0056011,KB0056011,KB0056011,KB0055896,KB0055834,KB0055834
roth inplan conversion	KB0053406
how to install servicenow mobile app?	KB0011587,KB0046611
how to create dynamics opportunity	KB0025221
how to exclude espp from bonus	
how to create a supplier	
how to create catalog task	KB0006928
request okta access	KB0005428,KB0052535
how to create a job request	KB0054834,KB0054357
how to use affected cis	KB0070646,KB0070080,KB0073562,KB0071357,KB0070757,KB0073581
how to submit a ticket to it	
request hop access	KB0072547,KB0072345,KB0072465,KB0072370,KB0057543
datacenter instance access	
staines office plan	
south africa benefit	KB0051361
how to add dependents	KB0053809,KB0051338
growth conversation workday how to input	
how to activate demohub instance	KB0052842
order busines cards	KB0004573,KB0004573,KB0001846
how to accept paf	KB0054157,KB0053843,KB0053843
what is the address of our san francisco office?	
what is the budget for celebrations?	
what is the inspire team	
how to interview	KB0051446,KB0054360,KB0054872,KB0005865,KB0005865
how is nnacv calculated	KB0010425
what is the max % i can contribute to my 401k	KB0011303
what is the on demand promotion process	KB0052508,KB0046440,KB0053802
maximum file size email	
how do i submit an rfp	KB0041113
what is the srt team	KB0007016
what is build tools	
what is the zoom domain name	
how do i find my ic level	KB0052563
how to open incident surf	KB0003051
how do i change my name, address, phone number, or email address?	KB0002777,KB0002777
what market do i live in	
how to request for ariba access	
what passwd is needed to access amazon workspace	KB0053386,KB0053383,KB0053383,KB0053384,KB0053396
what password do i use for gpvpn?	
how to install mail on iphone	
what products do csm sell	
what specs are the new laptop	KB0054243
what to do if you forget your computer password	
what happens to my rsu when i leave	KB0036738,KB0036738,KB0036738
new hire faq	KB0004719,KB0004719
how to publish library	
stop default of microsoft teams when creating a meeting in outlook	
stop alert when people join a zoom meeting	KB0071871
how to submit an incident ticket	KB0048340
how do i access immedis?	KB0056520,KB0056520,KB0056327,KB0056327
now support access	KB0043870
how can i update my work phone number in workday	KB0054348,KB0054342,KB0002777
employee benefits - germany	KB0054860
how do i create a ticket	
apply for position	KB0056793,KB0052354,KB0052373,KB0054869,KB0052355
integration validation request	
request zoom meeting recording	KB0051374,KB0046148,KB0046148
how to access cloudvpn	KB0053384,KB0051363,KB0045221,KB0045221,KB0053456,KB0057001,KB0057001,KB0071764
when can i sell servicenow stock	KB0036738,KB0008505
when does strikeprice hit for rsu	
how to raise an it ticket	KB0049156
when is bonus payout	KB0054168,KB0054157,KB0005491,KB0054446
when is espp purchase	KB0045914,KB0043991
when is our earnings call	
when is slack retiring	
when is winner's club	
when was quebec released	
when was servicenow founded	KB0070127
where can i expense the office chair i bought	KB0057834,KB0054972,KB0049667
how to recover directory deleted mac	
where can i find my 2021 goals	
where can i find my w2	
where can i view my goals	
where do i find employee id's	
external dns request	
parental leave us	KB0046510,KB0056804,KB0011316
what is pac review	
dynamics access request	KB0053052
how to add outlook signature	
how do i add servicenow signature to my outlook	
how does espresa work	
order a monitor	
the mobility management policy	KB0046293,KB0045945,KB0007575
share files externally	
company holiday calendar	KB0054824
request corporate card	KB0005559
modify distribution list	
how to change your active directory windows password before it expires.	KB0053386,KB0054047
when is my laptop due to be refreshed?	KB0041730,KB0054283
i have installed zscaler in system and why its asking me the password	KB0053259,KB0055987
how do i order a new headset	
servicenow letter head ms word	
how to upgrade to bigsur	KB0054399
stock open trading window	KB0036738
uninstall global protect	
how to request new rsa	KB0056723,KB0056715,KB0006026
how to change a priority	KB0071316,KB0071289,KB0071367,KB0074222
us holidays 2022	
international wireless plan	
reset vpn token	KB0051576
printer is not working	
how to install zscaler client	KB0056348,KB0056911
how to create app nodes associated with datacenter test	
joining distribution list	
how to reset cloudvpn pin	KB0057001,KB0006026
home office equipment	KB0051470,KB0049667
how to retire instances	KB0052769,KB0006830
cards - business cards	
where do i find my job level ?	KB0052563
stock sale window	KB0036738
create a req	KB0054357
germany benefits	KB0054860,KB0048017
support phone number	KB0049116,KB0070517
how to restore the desktop image	
switching off corporate mobile plan	
laptop replacement faq	KB0048340
how does email flow	KB0071897,KB0072360,KB0071868
data protection policy	KB0035714
where do i find sales pentagon	
where do i order office supplies for home office	
where do i see how much i make	
where is my personal sharepoint drive	KB0048545
how to search a kb article	KB0001853
where to check employee contract	
where to find data processing addendum	KB0044599,KB0073232,KB0073191
where to find job description	KB0052563
how to use printer	KB0048955,KB0052865
how are rsus calculated	KB0036738
how to reset global protect pin	KB0057001,KB0051576
it access to sub-prod instances	
how to reqeust moa	
how to set up out of office	KB99999999
how to see who is on a distribution list	KB0049955
how do i turn on location services on mac	
how to transfer stockroom	KB0054242
how to revert to previous version of outlook?	
eclipse setup	
how can i print from my laptop	
how to request compliance report	
how to use team add-in in outlook web app	
how to set 2-factor authentication for datacenter in authenticator app	KB0071791
how to connect mac calendar app to miscrosoft exchange	KB0011354
how to add people to distribution list	KB0049955
what do servicenow offices look like	
ldap role request	KB0073792
where to see personal performance review	
why did my espp contribution stop	
why is report phishing turned off	KB0052593
software center in windows laptop missing	KB0055945
cloud vpn pin reset	KB0006026,KB0051576,KB0051576
how to set service level	KB0074261
what is my hi user id	
cloudvpn authentication failed	KB0057001,KB0053386
how to sign up for partner portal	KB0053276,KB0043743
how to enroll in espp	KB0045914,KB0043991
ordering business cards	KB0004573,KB0004573,KB0001846
how to request a change of phone battery	
vaccine reimbursement	KB0056011
how to create teams meeting	KB0051760
where do i change name	KB0049386
us holiday	
how to connect to db/app server using terminal	
home office allowance	KB0054971,KB0049667
how do i update my work telephone number?	
what is a technical role	KB0005491,KB0074486
it helpdesk bldg santa clara	
lyra mental health	KB0055859,KB0052496,KB0057677,KB0004456,KB0011097
how to connect dynamics to outlook	
how to create instance	KB0008626,KB0008626
cannot see contacts on iphone	
how to create ktlo story	
how to upload files to onedrive	KB0046349,KB0048651
how to change address in fidelity	KB0043991,KB0049808
how do i change my personal information including name, address, phone number, or email address?	KB0002777,KB0002777,KB0002777,KB0002777,KB0002777
how do i get access to the vmp	
how to get slack on my phone	
how to set up okta on phone	KB0005428,KB0043359
okta mobile setup	
why is zoom plug in gone on outlook	
why won't outlook allow me to add contacts to iphone	
work from home allowance	KB0049667
mexico benefits	KB0055324,KB0008751,KB0055324
requesting an instance	KB0010114
vpn password reset	KB0053386,KB0026287,KB0073551,KB0073570
surf hop access	KB0048730,KB0072370
how to create custom appls	
download servicenow outlook in my iphone	KB0047674
how to raise a sreq	
how do you submit an incident	KB0006918
work from home reimbursement	KB0057834,KB0057031,KB0049667,KB0057031,KB0057834
work location change	KB0054972,KB0054972,KB0057030,KB0054971,KB0057042,KB0057042,KB0057031,KB0057029
workers compensation policy	KB0071719,KB0074554
how to build citizen app?	
workplace services request	
user access surf	KB0043041
where can i find a servicenow overview?	
what is standard 14 inch windows laptop	KB0041730
how to access previous release	
how to install vmware fusion on mac	
how to find my benefits coverage	KB0004456
where do i find the employee id	
how to install global protect	KB0050229,KB0041823
what is my admin log in	
how to respond to a ticket	KB0053337
when can i sell stock	KB0011978,KB0036738,KB0008505
how to submit pto in workday	
snca v2 breakglass	KB0043830,KB0043830
how to setup zoom + slack	
what does it mean to be a platform of platforms?	KB0073030
what happens to vested stock when i leave company	https://k8s0277901-node1.sdthunder.lab3.service-now.com/esc?id=kb_article&table=kb_knowledge&sys_kb_id=fe69756a1bfc05d0848177bc1d4bcb60#Q6,KB0036738,KB0036738,KB0036738
change employee title	KB0052374,KB0054157,KB0049024,KB0049024
how do i raise a ticket in hi	
change email	KB0049386
change cost center	KB0052374
cell phone transfer	KB0054341,KB0054348
how to check if user has snca v2 acces	KB0058047,KB0053319,KB0052239
cisco jabber how to install	KB0044153,KB0043808,KB0008979
change outlook picture	KB0048313
non sales job code quartiles	
cancel credit card	
job roles and pay	KB0004741
how to use self service - windows	
can't get temporary admin rights 2 hours	
how to setup sharepoint	
how to subscribe to tableau dashboards	KB0043278
buy laptop	KB0051514
how to get access to bd tableau dashboard	https://k8s0277901-node1.sdthunder.lab3.service-now.com/esc?id=kb_article&table=kb_knowledge&sys_kb_id=2eb02b76db429410ca4bc4be13961919,KB0043278,KB0043278
create job req	KB0054357
how to update your photo in surf	KB0048313
install global protect client	KB0050229
bonus timeline calendar	KB0054446,KB0004750
how to add someone to alias	
contact it	KB0049116
how to find available job openings	KB0052163,KB0052354
my open certification	
big sur update	KB0054399,KB0045764
how to complete i9	
how to change profile picture in surf	KB0048313,KB0070472
reset vpn pin	KB0051576,KB0051226
how do i add a picture to teams	
how much does servicenow match our stock	
how to open a req	KB0010208
how do i update my phone number	KB0002777
enable calls on microsoft teams	
how to apply for a corporate credit card	KB0042148,KB0005559,KB0005559
how do you get access to splunk	
iam access	KB0052198,KB0051221,KB0051221,KB0051221
how do i get a badge	KB0053359,KB0056354,KB0056354,KB0050824
how to setup okta on phone	KB0043359
how to order corporate credit card	KB0005559
aws workspace setup	KB0053383,KB0053383,KB0053384,KB0053384,KB0058047,KB0058047,KB0053319,KB0053319
rsa securid error loading	
how to get servicenow instance for learning	
sharedrive when someone terminates	KB0054687
request new distribution list	
what does my password have to contain	KB0054047,KB0073763
employee readiness to rtw	
new sales hires	
how do i find a knowledge base article?	KB0073595
what is assignment group for	
corporate credit card request	KB0005559,KB0005559
how to synchronize sharepoint	
software development lifecycle sop	KB0073618,KB0057518,KB0073641,KB0072628,KB0072522,KB0073621,KB0072626,KB0073202
work from home office allowance	KB0057031,KB0049667
order phone	KB0054348,KB0054341,KB0054348
conference room booking	KB0034578
out of pocket what does it mean	
how to setup archiving	
what is sla	KB0074028,KB0074027,KB0073583,KB0073583
new vendor assessment	KB0051241,KB0073808,KB0048645,KB0074160,KB0074160
how to cancel order on company store	
grant temporary admin	KB0029428,KB0023092,KB0023092,KB0029423,KB0029423,KB0053385,KB0056795,KB0056795,KB0056795,KB0041484
vacation days netherland	KB0056549,KB0054195,KB0056549
where am i in the org	KB0049023
employer's declaration netherlands	KB0047971
servicenow pricing policies	KB0006288,KB0049150
how much leave balance do i ahve	KB0056299,KB0056786,KB0056866
apply for credit card	KB0005559,KB0005559
annual fiscal quarter	
ams holiday calendar	
request hi access	
how many days holiday do i have left	KB0056300,KB0056179,KB0055913,KB0056188,KB0056187,KB0056190,KB0056548,KB0045768,KB0056194
how to set up gmail google email	
how to reset ldap password	KB0051221
how do i find my timecards	
how to use jobvite	
how do you clone code.devsnc.com?	
miro not working correctly	
internal movement policy	
health insurance policy number	
change zoom background	KB0051606
reset tsa token	KB0051226
change reporting manager	
show me all about zscaler	KB0053259,KB0053260,KB0053260,KB0052945,KB0054255,KB0054464,KB0054464
request for single sign on (sso)	KB0073770,KB0073791,KB0073673
how i can fin my job level	
rome release dates	
when is sko	
request access to dynamics	
how can i work in the santa clara office	
benefits enrollment canada	KB0002886,KB0002886,KB0002886
create surf group	
how to connect to vpn	KB0042200,KB0026287
security policy document	KB0041619
time off balance	KB0055913,KB0058238,KB0056550,KB0056944,KB0056548,KB0045768,KB0056300,KB0056776
elevated access workday	
vacation/pto guide - apj	KB0003023
how will i receive my first paycheck time	KB0049672
where can i find my company id	
how do i change tax deductions	
how to request access for hana	KB0048226,KB0048226
how to activate zscaler	KB0053260
internet is slow	
add or remove users from office 365 groups	KB0041157,KB0041157
amazon workspace password reset	KB0053383,KB0053384,KB0053386,KB0053385,KB0053385
amazon workspace issue	KB0053383,KB0053384,KB0053386,KB0053385,KB0053396
ai search starter	
admin access mac	KB0056795,KB0029428
additional badge or key access	KB0072754,KB0072751,KB0072744
add to group	
how to find the sam for a given account	KB0012807,KB0012807,KB0044906
add to email group	
add to email distribution list	
add to a distribution list	KB0049955
add role to group	KB0072403
add people to email alias	
add or remove users from office 365	
add office 365 groups	KB0048408,KB0049955
add distribution list	KB0049955
access to hi	KB0041676,KB0041676
enable calls on teams	
what is a cs task	
broken screen laptop	
how to use concur	KB0001686,KB0005559
ldap access request	KB0051221,KB0051221,KB0051221,KB0053319
creating and editing knowledge base articles in surf	KB0057096,KB0057088,KB0057094,KB0057092,KB0001853
how to update the instance	KB0074241
safari not working	KB0053392
what is my work mobile phone	
grow outside the core	
no sound on mindtickle	
schedule teams meeting	KB0051760,KB0051760
how to move apps to new computer	
where do i find my payslip uk	KB0046851
how to resolve screen flickering	
how to change hr title?	KB0049024
aws user access request	KB0057495,KB0057495,KB0057865
how to login to a generic mailbox	
how can i see my pay statements	KB0046851,KB0046851
how to create a new sharepoint site	
how to expense airfare	KB0006398,KB0005559,KB0005559
update profile picture in o365	
emea holiday guide	KB0048157
what are semaphore	
what is the zoom domain	
how to create a ticket from a template form	KB0071344
change mac password	KB0054047
how to install teams	
hey i am trying to install a software for which i need a administrator rights	KB0023092
app engine studio logo	
access to fidelity	KB0041404,KB0043991
getting okta on new phone	KB0043359,KB0043359
remote employee policy	KB0057314,KB0054972,KB0054972,KB0054971,KB0057031
how can i recall a message in outlook	
personal device policy	KB0054348,KB0054348,KB0046293,KB0072110
amazon workspaces request timeout	KB0053385
how to get a company credit card	KB0042148,KB0005559
how to open a job requistion in surfsurf	
how can i remove global protect?	KB0054080
access to dynamics	
about employee portal	
300 office expense	KB0057834,KB0057031,KB0049667
2021 bonus policy	KB0057511,KB0054425,KB0058361
$300 home office expense	KB0057834,KB0057031,KB0049667,KB0049667,KB0049667
how much is the referral bonus	KB0005491,KB0049687,KB0005491
how to cancel an open service request?	KB0071380
$300 home office	KB0057834,KB0057031,KB0049667,KB0049667,KB0049667
how can i restore emails	KB0011700
need something else	KB0053965,KB0055345,KB0055345,KB0053969,KB0053961,KB0053959,KB0053970,KB0053960,KB0053966,KB0039901,KB0039901,KB0039901,KB0053963
san diego floor plan	KB0049960
sap access request	KB0048226,KB0052544,KB0052544
get phone on zoom	KB0052693
confirm mobile number	
gcc password reset	KB0073551,KB0073570
how to install workday on mobile	
update photo in outlook	KB0048313
sap concur not working	KB0057834
how to store old emails	KB0011819
how do i turn on notifications for change requests i need to approve.	
how to install a personal printer in windows	
creating sharepoint site	
how to install teams on mac	
case management process guide	
how to calculate acv	
where do i find ic level of team	
ip range for clud vpn	KB0072248
how to reinstall slack	
how to enter a purchase requisition	KB0005425,KB0054681,KB0055104,KB0054699,KB0043366,KB0043366,KB0043366
how to share teams video recording with my customer?	
how to follow up on closed request	
snca v2/v3 password reset	KB0053383,KB0057778,KB0058047
employee referral policy	KB0049687,KB0005491
request web cam	
what is my user name	KB0049386
request adm account	KB0039901,KB0011973,KB0006082,KB0006083,KB0011973
where to find the global protect app?	KB0057001
how to set up emails on mobile	
how to update instance version	KB0073179
hi, how do i add zoom to outlook meeting requests?	KB0051663,KB0051224
where can i find my employee id	
what is the address for our office in virginia	
what level am i?	
what is formatter	KB0070465,KB0073393
how to request a plugin	
how do i open a backfill	KB0052368,KB0052391,KB0052354,KB0052372
how to raise access request for giving at now	
how do i login to the now mobile app	KB0010527
surfstage admin access	
how to create a new surf ticket	KB0053319
international phone plan request	KB0054348
sap account access	KB0011973
what is my phone number	
global protect authentication failed	KB0050229
how to retain emails forever in mailbox	
how are sdrs payed	
singapore sick leaves	KB0055913
time away india	KB0056866,KB0056866,KB0056866
laptop crash when update to bigsur	
how do i change my profile picture	KB0003924
how to create a job req	KB0054357
company holidays in us	
when does your status change in teams	
how to update to catalina	KB0052239,KB0047331
us benefits	KB0004456,KB0004456,KB0004456
refer a candidate	KB0005491,KB0005491,KB0054869,KB0054358,KB0005491,KB0005491
health insurance dublin	KB0051345,KB0051345
cloud vpn reset pin	KB0006026,KB0006026,KB0051576
employer statement netherlands	KB0047971,KB0046852
how to run snagit	
now at work access	KB0047071
setup rsa token for new laptop	KB0006026
p card application	
emea headcount details	
how to install screen shot app	
how to track referral bonus	KB0005491,KB0054869,KB0049687
what size to make banners for kb articles	
what is the dollar currency for danish kroner	KB0072968
how to get linkedin recruiter license?	KB0057224,KB0042094
how to increase mail retention	KB0011700
how can i configure uber	
how to configure ms teams app on iphone	
how many folks are in the legal department	
how to use securevpn while using global protectzsacler	KB0042200
what my organziation?	
what to do if an employee experiences trauma?	KB0055859,KB0055859,KB0055859,KB0052496,KB0052496,KB0052496
how to propagate the cmdb	
also i wanted to just get moving early on the automation coverage tasks - how would you suggest i get started? any resources or things i can refer to to prepare?	
miro best practices	
addison office parking	
how to order headphones	KB0043621
do you know where i can find information on benefits on a gym stipend since the offices aren't fully open?	
what is slack workspace url	KB0045080
